"","census_tract_code","year","arrests_B","arrests_W","arrests_total","state","county","ct_pop","ct_white","ct_black","pct_white","pct_black","total_arrests_prct","arrests_B_prct","arrests_W_prct","total_arrests_pop_prct","arrests_B_pop_prct","arrests_W_pop_prct","SIR_tot_pop","SIR_B","SIR_W"
"1",10100,2010,965,693,1658,37,129,3153,822,2116,0.260704091,0.671106882,0.999939690006634,0.581991435980942,0.417948254025692,0.5258317211633,0.456027597939606,0.842963143169931,15.3901433052658,4.02812608207139,38.585071317785
"2",10100,2011,854,754,1614,37,129,2749,623,1970,0.226627865,0.716624227,0.99993804596989,0.529087417136485,0.467133387026826,0.587101233130843,0.433480533983047,1.21007863906275,17.1833910905803,3.82896616980315,55.389100895663
"3",10100,2012,839,772,1617,37,129,2877,561,2263,0.194994786,0.786583246,0.999938160905324,0.518830004328737,0.477397810896048,0.562024260540127,0.370730414033847,1.37586882908572,16.4494334644037,3.27468963925433,62.9778387398465
"4",10100,2013,752,701,1454,37,129,2462,636,1795,0.258326564,0.729082047,0.999931228938863,0.5171583797538,0.482085138573688,0.590552780147029,0.418918166118879,1.10202798302154,17.2844116282657,3.70033567885172,50.4432829164738
"5",10100,2014,629,539,1169,37,129,2212,566,1627,0.255877034,0.735533454,0.999914464117697,0.538020699683517,0.461038405611154,0.528457122191583,0.386577346198759,0.952128599187423,15.4669840442948,3.41466678331908,43.5819171941466
"6",10100,2015,571,574,1153,37,129,2161,845,1278,0.391022675,0.591392874,0.999913277252623,0.495186887520597,0.497788569941896,0.533524593956781,0.446756904780534,0.679209560998698,15.6152997763492,3.94623735191193,31.0895554131875
"7",10100,2016,696,615,1315,37,129,2245,882,1259,0.392873051,0.560801782,0.999923960155121,0.529237320355866,0.467645046004106,0.585720012471605,0.552775792232547,0.697199863961002,17.1429652603644,4.88271016116109,31.9130280981482
"8",10100,2017,657,554,1215,37,129,2251,906,1225,0.402487783,0.544202577,0.999917702246729,0.540696238992675,0.4559295531232,0.539736129003598,0.536282752428373,0.611411543979693,15.7971001711689,4.73702589970849,27.9862271798256
"9",10100,2018,437,477,920,37,129,2267,943,1182,0.41596824,0.521393913,0.999891316161287,0.474948375176611,0.518421910661885,0.405804772617,0.369681076051096,0.505778814547768,11.8771716371917,3.2654207579052,23.1510852977072
"10",10200,2010,177,147,325,37,129,3290,1386,1897,0.421276596,0.576595745,0.999692402337742,0.544447862196247,0.452168563518917,0.0987811920610316,0.0933003004585947,0.106052954332299,2.89114680704502,0.824128573446853,4.85437689598804
"11",10200,2011,272,118,390,37,129,3440,1609,1815,0.467732558,0.527616279,0.999743655472956,0.697257113560625,0.30248654191233,0.11336879741868,0.149854002534296,0.0733329190230564,3.31809962844992,1.32367167872838,3.35667808654783
"12",10200,2012,221,88,309,37,129,3530,1598,1908,0.452691218,0.540509915,0.999676480103526,0.714978971206729,0.284697508896797,0.0875329310784397,0.115822021906609,0.0550653901508041,2.5619305549822,1.02306463343046,2.52051590075525
"13",10200,2013,181,135,316,37,129,3587,1590,1968,0.443267354,0.548647895,0.999683644416324,0.572603606453654,0.42708003796267,0.0880934459591313,0.0919668716020527,0.084900320734545,2.57833581162875,0.812350296035812,3.88615440305777
"14",10200,2014,212,125,337,37,129,3699,1678,1844,0.453636118,0.498513112,0.999703352121032,0.628893503411451,0.370809848709582,0.0911032413289719,0.114961227699149,0.0744890054227996,2.66642707770698,1.01546117343367,3.4095957930277
"15",10200,2015,163,88,252,37,129,3703,1678,1866,0.453146098,0.503915744,0.999603332011107,0.646568821896073,0.349067830226101,0.0680510923280495,0.0873479449118482,0.0524402598176509,1.991732375315,0.771550969073911,2.4003554382915
"16",10200,2016,212,148,361,37,129,3644,1991,1438,0.546377607,0.394621295,0.999723068402105,0.587094987538078,0.409858764885073,0.0990642408276392,0.147416730408177,0.0743307719351112,2.89943113243876,1.30214307066895,3.40235294918952
"17",10200,2017,167,131,298,37,129,3603,1995,1331,0.553705246,0.369414377,0.999664542099966,0.560214693056021,0.439449849043945,0.0827065582415143,0.125460145744121,0.065660869129367,2.42067135243619,1.10819890641641,3.00550426038454
"18",10200,2018,203,120,324,37,129,3503,1958,1329,0.558949472,0.379389095,0.999691453255168,0.626349892008639,0.37025609379821,0.0924895092917701,0.152734933413588,0.0612838976558909,2.70700063336803,1.34911915793348,2.80515652534017
"19",10300,2010,253,103,358,37,129,5104,2345,2622,0.459443574,0.513714734,0.999720748394303,0.706506562412734,0.287629153867635,0.070139691620462,0.0964875481484306,0.0439213679587224,2.05286189855181,0.852281772085392,2.01041899493861
"20",10300,2011,375,156,535,37,129,5040,2199,2699,0.436309524,0.535515873,0.999813119043169,0.700803588114371,0.291534292655578,0.106148687526041,0.13893520062243,0.0709381110454277,3.10678007229677,1.22722507995919,3.24706020187766
"21",10300,2012,391,196,587,37,129,4821,2246,2427,0.465878448,0.503422526,0.999829671265542,0.665985351728837,0.333844319536706,0.121756445624443,0.161097606196696,0.0872623658786341,3.56359091907664,1.42298727579666,3.99427262990904
"22",10300,2013,470,140,612,37,129,5419,2204,3050,0.406717106,0.562834471,0.99983662800196,0.767848390785819,0.22872079725535,0.112933882009928,0.154093308416118,0.0635179892019418,3.30537044115108,1.36111778652887,2.90741791402992
"23",10300,2014,346,115,461,37,129,4882,2175,2620,0.445514134,0.536665301,0.999783127304272,0.750379527217523,0.249403600086749,0.0944265787263677,0.132056028395863,0.0528711323617305,2.76369515176786,1.16646083412386,2.42007782826417
"24",10300,2015,325,150,477,37,129,5161,2398,2669,0.464638636,0.51714784,0.999790400335359,0.681198910081744,0.314399496960805,0.0924221580670787,0.121763890449964,0.0625495183687086,2.70502938485245,1.07554960531345,2.8630879614427
"25",10300,2016,397,131,536,37,129,5703,2812,2786,0.493073821,0.488514817,0.999813467636635,0.740533482559224,0.244357396008207,0.0939839736283775,0.142493090700262,0.0465844031151097,2.75074090117484,1.25865219069637,2.13231448024366
"26",10300,2017,321,129,454,37,129,5635,2589,2962,0.459449867,0.525643301,0.999779784188505,0.706892754899802,0.284078396828892,0.0805664495749853,0.10836906248945,0.0498242632575026,2.35803424299393,0.957232082171458,2.28061305731286
"27",10300,2018,378,128,513,37,129,5902,2715,3137,0.460013555,0.531514741,0.999805106217112,0.736698499317872,0.249464042097057,0.0869182155503973,0.120493449364062,0.0471437516113587,2.54393894343086,1.06432770361939,2.15791761816747
"28",10400,2010,93,140,233,37,129,2786,2372,225,0.851399856,0.080760948,0.999570999571,0.398970398970399,0.600600600600601,0.083629446179247,0.413149711239449,0.0590194342565659,2.44768261296834,3.64938248290905,2.70150492150978
"29",10400,2011,76,104,184,37,129,2726,2342,235,0.859134263,0.086206897,0.999456816947311,0.412819120043455,0.564910374796306,0.0674956898132864,0.323266695023394,0.0444045941676273,1.97547674837146,2.85543903827769,2.03253777662473
"30",10400,2012,58,78,137,37,129,2819,2565,190,0.909897127,0.067399787,0.99927060539752,0.423048869438366,0.568927789934355,0.0485970699868752,0.305102577590742,0.0304081712213949,1.42234833162865,2.69499402240835,1.39187752718201
"31",10400,2013,49,96,148,37,129,3033,2802,176,0.923837784,0.058028355,0.99932478055368,0.330857528696826,0.648210668467252,0.0487949622498434,0.278250993753549,0.0342600192712608,1.42814028019985,2.45781196218171,1.56818871339883
"32",10400,2014,43,77,123,37,129,3061,2789,208,0.91114015,0.06795165,0.999187652315191,0.349309504467912,0.625507717303006,0.0401816340531182,0.206631427198462,0.0276074719443548,1.17604374446856,1.8251909424657,1.26368072258877
"33",10400,2015,56,141,197,37,129,2934,2647,222,0.902181322,0.075664622,0.99949264332826,0.284119736174531,0.715372907153729,0.0671415425513786,0.25213867627195,0.0532658380869631,1.96511149862984,2.2271598972931,2.43814474931645
"34",10400,2016,45,98,144,37,129,2857,2593,198,0.90759538,0.069303465,0.999306037473976,0.312283136710618,0.680083275503123,0.0504007560113402,0.227158001009591,0.037792603447611,1.47513895889018,2.00650371326674,1.72988618912473
"35",10400,2017,42,32,74,37,129,3073,2672,214,0.869508623,0.069638789,0.998650472334683,0.566801619433198,0.431848852901485,0.0240799192997299,0.196170014012144,0.0119755997155795,0.704775679911842,1.73278449272115,0.548160821552944
"36",10400,2018,46,57,103,37,129,3031,2584,256,0.852523919,0.084460574,0.999030067895247,0.446168768186227,0.55286129970902,0.0339810629804361,0.179617336977743,0.022057969892806,0.994564245339171,1.58657345112712,1.00966257936132
"37",10501,2010,232,244,476,37,129,3431,2103,1079,0.612940834,0.314485573,0.999789960092417,0.487292585591262,0.512497374501155,0.138731019206668,0.214993976461866,0.116019209738006,4.06040598264543,1.89905796927005,5.31056371591751
"38",10501,2011,192,310,502,37,129,3970,2159,1518,0.543828715,0.382367758,0.999800836486756,0.382393945429197,0.617406891057558,0.126445177703332,0.126473881825967,0.14357834282803,3.70082162561231,1.1171533134963,6.57203181728213
"39",10501,2012,178,351,535,37,129,4146,2350,1403,0.566811384,0.338398456,0.999813119043169,0.332648103158288,0.655952158475051,0.129036926268059,0.126861948542513,0.149355346580997,3.7766774179067,1.12058113599996,6.83646342810332
"40",10501,2013,162,378,546,37,129,4065,2409,1477,0.592619926,0.363345633,0.999816883354697,0.296648965390954,0.692180919245559,0.13431403901503,0.109674361925394,0.156905068282761,3.9311289622796,0.968761890294029,7.18203790861568
"41",10501,2014,146,313,460,37,129,4380,2720,1426,0.621004566,0.325570776,0.99978265594436,0.317322321234514,0.680286894153445,0.10502043332344,0.10237711240446,0.115069298922834,3.07375811267748,0.904304736263293,5.26708331366514
"42",10501,2015,108,226,334,37,129,4622,2999,1398,0.64885331,0.302466465,0.999700688416642,0.323256510026938,0.676444178389704,0.072261526146124,0.0772476932980474,0.0753559401153679,2.11496415694687,0.682334686671583,3.44927811747052
"43",10501,2016,124,253,385,37,129,4440,3013,1187,0.678603604,0.267342342,0.999740327187743,0.32199428719813,0.656972215009089,0.0867097587892165,0.104456237890658,0.0839666788357506,2.53783779110702,0.922669808106957,3.84341868021847
"44",10501,2017,124,181,307,37,129,4274,2844,1226,0.665418811,0.286850725,0.999674373168349,0.403777271247151,0.58938456528818,0.0718279871785873,0.101133675882881,0.0636405189690939,2.10227525559256,0.893321367917599,2.91302648641226
"45",10501,2018,102,254,362,37,129,4396,3200,1169,0.727934486,0.265923567,0.99972383319525,0.28169014084507,0.701463684065175,0.0823457155205751,0.0872465999486785,0.0793725196087622,2.41011013872008,0.770655781389492,3.6331295793783
"46",10502,2010,191,236,428,37,129,7375,5021,1912,0.680813559,0.259254237,0.999766409717356,0.446157439850502,0.551273067040411,0.0580331114154384,0.099890173108101,0.0470016530242377,1.69852419545584,0.8823374143524,2.1514133194177
"47",10502,2011,181,308,493,37,129,7441,5563,1375,0.747614568,0.184786991,0.999797201379031,0.367065503954573,0.624619752585682,0.0662536452943785,0.131626790778852,0.0553648145817979,1.93912435202835,1.1626693459589,2.5342214976343
"48",10502,2012,202,309,515,37,129,7991,5973,1178,0.747465899,0.147415843,0.999805862939235,0.392156862745098,0.599883517763541,0.0644466969503573,0.171462524403701,0.0517319314928597,1.88623824257459,1.51454137812909,2.36793302557995
"49",10502,2013,159,224,387,37,129,8272,6302,1181,0.761847195,0.142770793,0.999741668819426,0.410746577111857,0.578661844484629,0.0467837671208037,0.134620269240538,0.0355437076530046,1.36927623680913,1.18911096642686,1.62694716346953
"50",10502,2014,125,225,355,37,129,8408,6408,1207,0.762131304,0.143553758,0.999718389186145,0.352013517319065,0.633624331174317,0.04222119147013,0.103553972330379,0.0351118116134268,1.23573790072389,0.914700028530596,1.60717792489249
"51",10502,2015,155,234,393,37,129,8205,5857,1554,0.713833029,0.189396709,0.999745611803612,0.394301704400916,0.595268379547189,0.0478970396460738,0.0997361817128885,0.0399515118403305,1.40185970983319,0.880977196772866,1.82870620869095
"52",10502,2016,140,257,400,37,129,8472,6161,1422,0.727219075,0.167847025,0.999750062484379,0.349912521869533,0.642339415146213,0.0472137958711535,0.0984459601997047,0.0417133304117771,1.38186240045598,0.869580573076434,1.90935017963922
"53",10502,2017,190,250,443,37,129,8753,6188,1832,0.706957615,0.209299669,0.999774317309862,0.428797111261566,0.564206725344166,0.0506106408015446,0.10370612957808,0.0404001228163734,1.48128190704039,0.91604404494717,1.84924054242167
"54",10502,2018,183,253,441,37,129,8648,6455,1806,0.746415356,0.208834413,0.999773294037633,0.414871911131263,0.57356608478803,0.0509938599229889,0.101323293283871,0.0391938157425911,1.49249803752278,0.894996272686512,1.79402407791766
"55",10600,2010,175,202,377,37,129,4061,3733,94,0.919231716,0.023147008,0.99973481835057,0.464067886502254,0.535666931848316,0.0928319913323976,1.85972369819341,0.0541105247649407,2.71702446318392,16.4270793434112,2.47680871223705
"56",10600,2011,140,215,355,37,129,3983,3576,117,0.897815717,0.029374843,0.999718389186145,0.394255139397353,0.605463249788792,0.089126559714795,1.19555935098207,0.0601213612594726,2.60857318246505,10.5604656957472,2.75194358224916
"57",10600,2012,132,148,283,37,129,3829,3424,127,0.894228258,0.033167929,0.999646767926528,0.466266336983398,0.522783468738961,0.0739077067718263,1.03855232100708,0.0432230367103765,2.16314488609699,9.1736107874735,1.9784541798228
"58",10600,2013,85,191,277,37,129,3997,3548,158,0.887665749,0.039529647,0.999639119451461,0.306748466257669,0.689281847708409,0.0693002426759401,0.537634408602151,0.0538316281953722,2.02829274641876,4.74896518038401,2.46404274006581
"59",10600,2014,112,180,294,37,129,3979,3776,92,0.948982156,0.023121387,0.999659979598776,0.380822849370962,0.612036722203332,0.0738860546354703,1.21606948968512,0.047668229125288,2.16251116723224,10.7416332940021,2.18192460167974
"60",10600,2015,98,172,270,37,129,3951,3746,176,0.948114401,0.044545685,0.999629766753054,0.362828582006664,0.63680118474639,0.0683354002682797,0.556501987507098,0.0459144176610341,2.00005355444297,4.91562392436342,2.10164714118282
"61",10600,2016,109,166,275,37,129,4196,3890,189,0.927073403,0.045042898,0.999636495819702,0.3962195565249,0.603416939294802,0.0655370463049022,0.576414595452142,0.0426724248733966,1.91815079585708,5.09151348847728,1.95325094624085
"62",10600,2017,116,188,307,37,129,4134,3785,237,0.915578133,0.057329463,0.999674373168349,0.377727124715076,0.612178443503745,0.07426041943833,0.489245044285112,0.049668436765211,2.17346814782617,4.3215382847729,2.27348038921582
"63",10600,2018,110,146,256,37,129,4147,3580,229,0.863274656,0.055220641,0.999609527528309,0.42951971885982,0.570089808668489,0.0617298835330713,0.480139676996945,0.040780983771403,1.8067220282747,4.24110989046953,1.86667374484701
"64",10700,2010,57,108,165,37,129,4314,2354,1312,0.545665276,0.304126101,0.999394306480921,0.345245305875227,0.654149000605694,0.0382466794928258,0.0434418108375886,0.0458774053778514,1.11941112461407,0.383724783495399,2.09995297270368
"65",10700,2011,56,59,115,37,129,4333,2374,1530,0.547888299,0.353104085,0.999131190269331,0.486533449174631,0.5125977410947,0.0265398906094944,0.036598915103588,0.0248515226822796,0.776774590324399,0.323280970648192,1.13753226676722
"66",10700,2012,69,76,147,37,129,4100,2401,1373,0.585609756,0.334878049,0.999320190346703,0.469068660774983,0.516655336505778,0.0358527840784371,0.050251256281407,0.0316521594269293,1.04934613613495,0.443873127412777,1.44881877546545
"67",10700,2013,68,69,137,37,129,4314,2388,1631,0.553546592,0.378071395,0.99927060539752,0.49598832968636,0.50328227571116,0.0317563338819221,0.0416896572864938,0.0288932624261966,0.929450448921983,0.368247879354405,1.32253539238492
"68",10700,2014,66,79,145,37,129,4263,2206,1806,0.517475956,0.42364532,0.999310820124052,0.454858718125431,0.544452101998622,0.0340128075813375,0.0365428270859864,0.0358098000997235,0.995493352384976,0.322785540968906,1.63912705071249
"69",10700,2015,84,89,173,37,129,4435,2314,1761,0.521758737,0.397068771,0.999422299248989,0.48526863084922,0.514153668399769,0.0390070122432414,0.0476974618136392,0.0384598764098354,1.14166468885834,0.421315268742944,1.76042936891197
"70",10700,2016,84,88,174,37,129,4409,2350,1667,0.53300068,0.37809027,0.999425617461229,0.48248133256749,0.505456634118323,0.0394638361570388,0.0503868994061544,0.0374452150972299,1.15503509846973,0.445071273338851,1.71398513297177
"71",10700,2017,95,131,226,37,129,4511,2485,1674,0.550875637,0.371092884,0.999557717823972,0.420168067226891,0.579389650597081,0.0500986455631664,0.0567469087868108,0.0527141764918917,1.46629673255753,0.501249714696765,2.41289346500873
"72",10700,2018,102,148,251,37,129,4593,2377,1910,0.517526671,0.415850207,0.999601752289924,0.40621266427718,0.589406610911987,0.0546471881735647,0.0534003455316476,0.0622607378738799,1.59942434693817,0.471689269683501,2.84986957096094
"73",10800,2010,76,103,181,37,129,2885,1388,665,0.481109185,0.2305026,0.999447818884594,0.419657647708448,0.568746548868029,0.0627361269973311,0.114268531047963,0.0742021468193934,1.83617295428709,1.00934253179835,3.39646537355416
"74",10800,2011,58,126,185,37,129,2760,1355,649,0.490942029,0.235144928,0.999459751485683,0.31334413830362,0.680713128038898,0.067026557008804,0.0893544908334617,0.0929820677440779,1.96174607979519,0.789274940163037,4.25608135331859
"75",10800,2012,81,133,216,37,129,2259,1387,540,0.61398849,0.239043825,0.999537251272559,0.37482646922721,0.615455807496529,0.0956132973307954,0.149972227365303,0.0958834979453536,2.79842825867279,1.32471596755537,4.38888892877059
"76",10800,2013,60,114,174,37,129,2420,1698,275,0.701652893,0.113636364,0.999425617461229,0.344629523262493,0.654796094198736,0.0718978554605182,0.218102508178844,0.0671338554855427,2.10432017382045,1.92651586379809,3.07292747344394
"77",10800,2014,56,112,168,37,129,2153,1431,330,0.664653971,0.153274501,0.99940511600238,0.33313503866746,0.66627007733492,0.0780270307928104,0.169645561950924,0.0782614771853819,2.28371004877587,1.49849201208361,3.58227367720682
"78",10800,2015,29,99,132,37,129,2497,1769,304,0.70845014,0.121746095,0.999242997728993,0.219530658591976,0.749432248296745,0.052861319130191,0.0953633673133838,0.0559606579616754,1.54715519048418,0.8423517981911,2.56149512103419
"79",10800,2016,56,126,188,37,129,2699,1781,414,0.659874027,0.153390144,0.999468367889421,0.297713981924508,0.669856459330144,0.0696528472453781,0.135233035498672,0.0707427993936331,2.03861284434237,1.19452357688674,3.2381201739835
"80",10800,2017,52,132,185,37,129,2644,1775,425,0.671331316,0.160741301,0.999459751485683,0.280929227444625,0.713128038897893,0.0699670965545933,0.122324159021407,0.0743620077742099,2.0478103531798,1.0804984997571,3.40378271167565
"81",10800,2018,61,165,233,37,129,2907,1817,558,0.625043,0.191950464,0.999570999571,0.261690261690262,0.707850707850708,0.0801486016992879,0.109299408708117,0.0908040283968962,2.34580459151425,0.965449900316018,4.15638564986479
"82",10900,2010,24,69,94,37,129,2163,1990,65,0.920018493,0.030050855,0.99893730074389,0.255047821466525,0.733262486716259,0.0434561508945495,0.368663594470046,0.0346716245414803,1.27188292916751,3.25643326654904,1.58702917971682
"83",10900,2011,15,104,119,37,129,2252,2001,99,0.888543517,0.043960924,0.999160369437448,0.125944584382872,0.873215785054576,0.0528395719550642,0.151362260343088,0.0519714157213533,1.54651869000652,1.33699423342799,2.37889497108229
"84",10900,2012,13,65,79,37,129,2197,2040,71,0.928538917,0.032316796,0.99873577749684,0.164348925410872,0.821744627054362,0.0359564880979473,0.182841068917018,0.0318611832753296,1.05238136519656,1.61504891788587,1.45838645367653
"85",10900,2013,6,53,59,37,129,2352,2137,118,0.908588435,0.050170068,0.998307952622673,0.101522842639594,0.896785109983079,0.0250839675183878,0.0508044030482642,0.0247999625660942,0.734162355056424,0.448759114420708,1.13517219826804
"86",10900,2014,15,40,55,37,129,2463,2215,156,0.899309785,0.063337393,0.998185117967332,0.272232304900181,0.725952813067151,0.0223295846697251,0.0960922485586163,0.0180578754909485,0.653546551459211,0.848790061067994,0.826565691882772
"87",10900,2015,11,54,66,37,129,2362,1947,298,0.824301439,0.126164268,0.998487140695915,0.166414523449319,0.816944024205749,0.0279412387282503,0.03690036900369,0.0277335524626367,0.817789514871944,0.325943735627832,1.26945182400537
"88",10900,2016,24,70,95,37,129,2256,1896,300,0.840425532,0.132978723,0.998948475289169,0.252365930599369,0.736067297581493,0.0421080625858783,0.0799733422192602,0.036917884077844,1.23242682291986,0.706410548658255,1.68984753555017
"89",10900,2017,27,107,136,37,129,2470,1969,336,0.797165992,0.136032389,0.999265246142542,0.198383541513593,0.786186627479794,0.0550584996558844,0.080333234156501,0.0543395459854756,1.61146269000732,0.709589501216558,2.48729173299451
"90",10900,2018,18,58,76,37,129,2415,2037,223,0.843478261,0.092339545,0.998685939553219,0.236530880420499,0.76215505913272,0.0314686762452901,0.080681308830121,0.0284718472338128,0.921031230239575,0.71266407099622,1.30324589511061
"91",11000,2010,254,64,321,37,129,2473,1072,1347,0.433481601,0.544682572,0.999688570538773,0.791030831516661,0.199314855185301,0.129796611540172,0.188553188330488,0.059695923887697,3.79891203163227,1.66550449841929,2.73246997718799
"92",11000,2011,263,58,326,37,129,2450,1167,1177,0.476326531,0.480408163,0.999693345599509,0.806501073290402,0.177859552284575,0.133055793641076,0.223430464701385,0.049695827264159,3.89430239621487,1.97357810461324,2.27473413840272
"93",11000,2012,219,65,284,37,129,2322,1221,969,0.525839793,0.417312661,0.999648011263639,0.770855332629356,0.228792678634284,0.12230308772232,0.225982870704778,0.0532306936368848,3.57959014446459,1.99612369887279,2.43653607742649
"94",11000,2013,264,51,316,37,129,2197,1213,860,0.552116523,0.391442877,0.999683644416324,0.835178740904777,0.161341347674786,0.143825952391789,0.306941053365888,0.0420410518506306,4.20952546078626,2.71123341724888,1.92435101946595
"95",11000,2014,200,79,279,37,129,2574,1193,1285,0.463480963,0.499222999,0.999641705481906,0.716589036187746,0.28305266929416,0.108387397537003,0.1556299120691,0.0662140642024977,3.17230306473134,1.37469072220283,3.03082573680062
"96",11000,2015,213,69,283,37,129,2460,1182,1158,0.480487805,0.470731707,0.999646767926528,0.752384316495938,0.243730130695867,0.115035974147392,0.18392194111044,0.058370696218594,3.36689487555546,1.62459634329034,2.67181014343493
"97",11000,2016,194,92,286,37,129,2414,1127,1226,0.466859983,0.507870754,0.999650471862985,0.678084585809158,0.321565886053827,0.118470651588584,0.158225267107088,0.0816254103451335,3.46742167129603,1.39761568851624,3.7362514660686
"98",11000,2017,224,119,343,37,129,2344,1064,1195,0.453924915,0.509812287,0.999708539784319,0.652870883124454,0.346837656659866,0.14632481549422,0.187432014057401,0.111831594774927,4.28266266361906,1.65560108171299,5.11888342323686
"99",11000,2018,255,96,351,37,129,2284,1192,977,0.521891419,0.427758319,0.999715180860154,0.726288806607804,0.27342637425235,0.153671030165054,0.26097635861222,0.0805301568660347,4.49767307851999,2.30522381031229,3.68611827347946
"100",11100,2010,397,75,472,37,129,2993,163,2688,0.054460408,0.898095556,0.999788180470239,0.840923533149756,0.158864647320483,0.157696034212021,0.147687958037275,0.459840588595953,4.6154776661741,1.30453884472273,21.0483483762591
"101",11100,2011,370,85,458,37,129,3152,166,2726,0.052664975,0.864847716,0.999781707050862,0.807683911809648,0.185549006767081,0.145299958757654,0.135725028428891,0.511739915713426,4.25266696079569,1.19886938745471,23.4239436254681
"102",11100,2012,387,71,458,37,129,2901,286,2400,0.098586694,0.827300931,0.999781707050862,0.844793713163065,0.154987993887797,0.157871152321533,0.161243281529936,0.248164977280671,4.62060305646965,1.42427403697513,11.3592906457844
"103",11100,2013,398,74,475,37,129,2600,170,2359,0.065384615,0.907307692,0.999789517996211,0.837718375078931,0.15575668280362,0.182685281335333,0.168708405747955,0.435038212815991,5.3468677266057,1.49021404083535,19.913065717611
"104",11100,2014,420,91,511,37,129,2519,147,2289,0.058356491,0.908693926,0.999804343572686,0.821756994717276,0.17804734885541,0.202850224286452,0.183478222882356,0.61862678450034,5.93705913056598,1.6206769467983,28.3164914058714
"105",11100,2015,305,113,419,37,129,2451,157,2218,0.064055488,0.904936761,0.999761393462181,0.727749940348365,0.269625387735624,0.170943657949492,0.13750507190839,0.71928707829408,5.00321164943945,1.21459264543161,32.9240292874151
"106",11100,2016,360,115,477,37,129,2419,402,1933,0.166184374,0.799090533,0.999790400335359,0.754558792705932,0.241039614336617,0.197180769707743,0.186229372510475,0.285998507833872,5.77112445048241,1.64497805844764,13.0910501971087
"107",11100,2017,445,175,623,37,129,2512,246,1990,0.097929936,0.792197452,0.999839512116835,0.714171080083454,0.280853795538437,0.24799968154134,0.223606853926938,0.711093051605039,7.25850207389103,1.97513616391329,32.5489629434851
"108",11100,2018,434,111,546,37,129,2724,344,2036,0.126284875,0.74743025,0.999816883354697,0.794726240615272,0.203259476286394,0.200433170588451,0.213152595648544,0.32258064516129,5.86631634101641,1.88279291400874,14.7655295491091
"109",11200,2010,169,59,229,37,129,2538,1306,1212,0.514578408,0.477541371,0.999563509384548,0.737669140113488,0.257529463116543,0.0902249714353256,0.1394274399802,0.045172651404946,2.64072170661599,1.23157306724025,2.06769416930714
"110",11200,2011,219,91,310,37,129,2409,1256,1111,0.521378165,0.461187215,0.999677523379555,0.706223798774589,0.293453724604966,0.128678759702794,0.19710197101971,0.0724464612690073,3.76619453042627,1.74101653908525,3.31610213024733
"111",11200,2012,248,86,335,37,129,2131,1155,934,0.541999061,0.438291882,0.999701581617428,0.740077588779469,0.256639809012235,0.157195814368167,0.265496199550369,0.0744524283611809,4.60083713618853,2.34514790537152,3.40792154600683
"112",11200,2013,208,61,269,37,129,2180,1212,945,0.555963303,0.433486239,0.999628390932739,0.772946859903382,0.226681531029357,0.123388835374524,0.220082530949106,0.0503258807029123,3.61136801424355,1.94400555389585,2.30357366367175
"113",11200,2014,140,72,212,37,129,2160,1153,980,0.533796296,0.453703704,0.999528524281,0.66006600660066,0.339462517680339,0.0981436044627564,0.142842567084991,0.0624403781111786,2.87248577137108,1.26173914189572,2.85809226898027
"114",11200,2015,196,84,282,37,129,1983,1233,708,0.621785174,0.357034796,0.999645515774548,0.694789081885856,0.297766749379653,0.142201603549997,0.276797062561785,0.0681209958640824,4.16198370845985,2.44496927857759,3.11811198977213
"115",11200,2016,211,113,326,37,129,2472,1177,1248,0.476132686,0.504854369,0.999693345599509,0.647040785035265,0.346519472554431,0.13187168803851,0.169056966589216,0.095998640727211,3.8596457671478,1.49329290497036,4.39415937562902
"116",11200,2017,189,86,277,37,129,2527,1327,1173,0.525128611,0.464186783,0.999639119451461,0.68206423673764,0.310357271743053,0.109611808001266,0.161111584690137,0.0648029538090573,3.20813934419312,1.42311074888091,2.96623478094528
"117",11200,2018,197,84,284,37,129,2540,1261,1254,0.496456693,0.493700787,0.999648011263639,0.69341781063006,0.295670538542767,0.111806621786544,0.157084761980703,0.0666085163745936,3.27237757350547,1.3875415209284,3.04888105192928
"118",11300,2010,131,309,449,37,129,1493,1173,213,0.785666443,0.142665774,0.999777332442663,0.291694500111334,0.688042752171009,0.300716629830554,0.614734866259972,0.263404654334669,8.80143179101117,5.42999932356813,12.0568585415494
"119",11300,2011,166,394,562,37,129,1357,1049,236,0.77302874,0.173913043,0.999822095712507,0.295321117238925,0.700942892723715,0.414118340579176,0.703091910207539,0.375560003812792,12.1204947330918,6.21046374034463,17.19056123466
"120",11300,2012,160,439,607,37,129,1487,1144,217,0.76933423,0.145931406,0.999835282490529,0.263548015154011,0.723109866578817,0.408176988770089,0.736987563334869,0.383707717856831,11.946602112908,6.50986659457523,17.5635077033324
"121",11300,2013,140,307,450,37,129,1633,1170,269,0.71647275,0.164727495,0.999777827149522,0.31104199066874,0.682070650966452,0.275549568305676,0.520252694165738,0.2623707375438,8.06483742469294,4.59543118904495,12.009532921876
"122",11300,2014,136,268,409,37,129,1533,1125,218,0.733855186,0.142204827,0.999755560987534,0.33243705695429,0.655096553409924,0.266779727349814,0.623567171022467,0.238201048795663,7.80816004361651,5.50801573603824,10.9032103363255
"123",11300,2015,172,301,474,37,129,1671,1251,267,0.748653501,0.15978456,0.999789074035014,0.362792659776418,0.634887154608732,0.283645502962121,0.64395357543991,0.240588282311566,8.30179078740963,5.68809038003913,11.0124815140866
"124",11300,2016,138,288,430,37,129,1758,1383,209,0.78668942,0.118885097,0.999767495931179,0.320855614973262,0.669611718205069,0.244582219441442,0.659971305595409,0.208227893861615,7.15847914004942,5.82957619560482,9.53124487126354
"125",11300,2017,162,336,504,37,129,1804,1304,259,0.722838137,0.143569845,0.999801626661377,0.321364808569728,0.666534417774251,0.279363671636827,0.62524121960633,0.257648953301127,8.17646932989189,5.5228027331274,11.793402023121
"126",11300,2018,119,210,329,37,129,1816,1337,245,0.73623348,0.134911894,0.99969614099058,0.361592221209359,0.638103919781221,0.181157425251913,0.485516115871073,0.157056315907561,5.30215014277178,4.28860037954385,7.18896098756265
"127",11400,2010,369,324,693,37,129,1362,286,1045,0.209985316,0.767254038,0.999855720675227,0.532390708411485,0.467465012263743,0.508773217825417,0.353076260644914,1.1324711639287,14.8908717695688,3.11874917415057,51.8367629469597
"128",11400,2011,388,317,707,37,129,1407,272,1125,0.193319119,0.799573561,0.999858577287512,0.548720124451987,0.448309998585773,0.502451851325421,0.344858234823571,1.16501286291804,14.7058568067879,3.04615873378325,53.3262987427766
"129",11400,2012,223,170,394,37,129,1502,408,1085,0.271637816,0.722370173,0.999746257295103,0.565846231920832,0.431362598325298,0.26229944744025,0.205511012809879,0.416564567507964,7.67703035500939,1.8152942378764,19.0674689350171
"130",11400,2013,206,119,327,37,129,1633,514,1111,0.314758114,0.680342927,0.999694283093855,0.629776826658514,0.363803118312443,0.200232686302125,0.18540185401854,0.231472476171951,5.8604485286102,1.6376685253496,10.5952224288394
"131",11400,2014,173,127,300,37,129,1687,396,1241,0.234736218,0.73562537,0.999666777740753,0.576474508497168,0.423192269243585,0.177819927686563,0.139392474417855,0.320626104519061,5.20446762620909,1.23126421379741,14.676064083525
"132",11400,2015,135,149,287,37,129,1717,353,1297,0.205591147,0.755387303,0.999651689306862,0.470219435736677,0.518982932776036,0.167142274765593,0.104078328579138,0.421976777116964,4.89195203994118,0.919331706726101,19.3152027718309
"133",11400,2016,165,74,241,37,129,1681,382,1217,0.227245687,0.723973825,0.999585234342596,0.684363334715886,0.30692658647864,0.143358515257867,0.135568153808233,0.193666579429469,4.19584442141999,1.19748370212789,8.86472776384618
"134",11400,2017,154,127,282,37,129,1664,372,1184,0.223557692,0.711538462,0.999645515774548,0.54590570719603,0.450194966323999,0.169460969893636,0.130056583058863,0.341306100510615,4.95981605206822,1.14879958303285,15.6226524683801
"135",11400,2018,250,135,388,37,129,1652,386,1157,0.233656174,0.700363196,0.999742334449884,0.644163875289874,0.347848492656532,0.234852611827371,0.216057384841414,0.34965034965035,6.87371112500215,1.90845113549267,16.0045949658176
"136",11500,2010,42,49,91,37,129,8118,5660,1826,0.697216063,0.224932249,0.998902305159166,0.461031833150384,0.537870472008782,0.0112095194688412,0.0229998357154592,0.00865709086411901,0.328082358034573,0.203159279279119,0.396262245986762
"137",11500,2011,24,77,101,37,129,8534,6449,1731,0.75568315,0.202835716,0.999010880316518,0.237388724035608,0.76162215628091,0.0118348742105201,0.0138640170989544,0.0119396504938674,0.346385360123861,0.122461906101521,0.546515312737024
"138",11500,2012,36,60,96,37,129,8894,6632,1989,0.745671239,0.223633911,0.998959417273673,0.374609781477627,0.624349635796046,0.0107936722096671,0.0180986375747826,0.00904690821911612,0.315911260981634,0.15986662735836,0.414105410976055
"139",11500,2013,20,55,75,37,129,8893,6673,1875,0.750365456,0.210839987,0.99866844207723,0.266311584553928,0.732356857523302,0.00843350462718287,0.0106660978081169,0.00824204642519968,0.246833425132332,0.0942144444084503,0.377264358112886
"140",11500,2014,28,52,81,37,129,8631,6454,1808,0.747769667,0.209477465,0.998766954377312,0.345252774352651,0.641183723797781,0.00938466707603897,0.0154858691444057,0.00805689406733704,0.2746722294595,0.136787847239865,0.368789353018451
"141",11500,2015,23,31,54,37,129,8547,6443,1614,0.753831754,0.188838189,0.99815157116451,0.425138632162662,0.573012939001848,0.00631793239812334,0.0142494269252215,0.00481134857444398,0.18491445283101,0.125866260093444,0.220230539595751
"142",11500,2016,23,46,69,37,129,8450,6281,1748,0.743313609,0.206863905,0.998552821997106,0.332850940665702,0.665701881331404,0.00816558383924451,0.0131571420399291,0.00732355797551384,0.238991868309345,0.116218025523041,0.335222256245396
"143",11500,2017,26,46,72,37,129,8313,6312,1669,0.759292674,0.200769879,0.998613037447989,0.360610263522885,0.638002773925104,0.00866102897835946,0.0155772572044815,0.00728759050078421,0.253492651324123,0.137595084850141,0.333575911931522
"144",11500,2018,32,49,81,37,129,8000,6031,1668,0.753875,0.2085,0.998766954377312,0.394574599260173,0.604192355117139,0.010124873439082,0.0191835021881182,0.00812455439306262,0.296336730751851,0.169449318108301,0.371886378688742
"145",11603,2010,31,38,69,37,129,6377,4964,965,0.778422456,0.151325074,0.998552821997106,0.44862518089725,0.549927641099855,0.0108199651879381,0.0321210237281111,0.00765496263169557,0.316680808894449,0.283727419232144,0.350391688500443
"146",11603,2011,11,29,40,37,129,6827,5181,1054,0.758898491,0.154386993,0.997506234413965,0.27431421446384,0.723192019950125,0.00585900309062413,0.0104354425576321,0.0055972669896354,0.171482422154402,0.0921770492274517,0.256204494502115
"147",11603,2012,16,9,27,37,129,6893,5237,1326,0.759756274,0.19236907,0.996309963099631,0.590405904059041,0.33210332103321,0.00391696043869957,0.0120654550938843,0.00171850833476542,0.114642346679428,0.106575072594999,0.0786615253518443
"148",11603,2013,18,72,90,37,129,6662,5086,1273,0.763434404,0.191083759,0.998890122086571,0.199778024417314,0.799112097669256,0.0135092538388796,0.0141387165187338,0.0141562297241501,0.395391423072786,0.124888346743584,0.647975107717338
"149",11603,2014,9,8,17,37,129,7203,5511,1422,0.765097876,0.197417743,0.994152046783626,0.526315789473684,0.467836257309941,0.00236009495911483,0.00632866886998101,0.00145161582987062,0.0690757102946487,0.0559016082691993,0.0664450169327186
"150",11603,2015,6,11,17,37,129,7664,5772,1560,0.753131524,0.203549061,0.994152046783626,0.350877192982456,0.64327485380117,0.0022181338970003,0.00384590731363374,0.00190571888913913,0.0649207667988914,0.0339711886501414,0.0872307405666257
"151",11603,2016,1,5,6,37,129,7499,5601,1517,0.746899587,0.202293639,0.983606557377049,0.163934426229508,0.819672131147541,0.000800096011521383,0.000659152330103487,0.00089268179464748,0.0234173629693626,0.00582234212346863,0.0408608501921392
"152",11603,2017,5,11,16,37,129,7708,5723,1627,0.74247535,0.211079398,0.993788819875776,0.31055900621118,0.683229813664596,0.00207573850884135,0.0030729518775736,0.00192203526061051,0.0607531113654631,0.0271436151297224,0.0879775921484196
"153",11603,2018,9,4,13,37,129,7781,5952,1493,0.764940239,0.191877651,0.99236641221374,0.687022900763359,0.305343511450382,0.00167071493747671,0.00602772754671489,0.000672031719897179,0.0488988040758186,0.0532433709193144,0.0307610030760493
"154",11605,2010,86,98,184,37,129,5228,4046,893,0.773909717,0.170811018,0.999456816947311,0.46713742531233,0.532319391634981,0.0351944300988887,0.0962938080842011,0.0242208546501569,1.0300773060453,0.850570451521919,1.10866460962886
"155",11605,2011,91,147,241,37,129,4916,3292,1312,0.669650122,0.266883645,0.999585234342596,0.377436748237246,0.609705516383243,0.0490225992148248,0.0693544699336941,0.044652349564108,1.434802802394,0.612613250843531,2.04387831947056
"156",11605,2012,79,155,236,37,129,4981,3407,1209,0.683999197,0.242722345,0.999576450656501,0.334603981363829,0.656501482422702,0.047379092971432,0.065337854602597,0.0454932347157407,1.38670034757641,0.577134185431831,2.08236827458746
"157",11605,2013,94,164,260,37,129,5130,3493,1158,0.680896686,0.225730994,0.999615532487505,0.361399461745482,0.630526720492118,0.0506812732695269,0.0811674294102409,0.0469497008387965,1.48334919161167,0.716958010653951,2.14903530467695
"158",11605,2014,63,111,174,37,129,5060,3743,822,0.73972332,0.162450593,0.999425617461229,0.361860999425617,0.637564618035612,0.0343866722001541,0.0766330130154482,0.0296545643984932,1.00643569349674,0.676905169489598,1.35738257536492
"159",11605,2015,90,162,255,37,129,5044,3962,797,0.785487708,0.158009516,0.999607996863975,0.352802822422579,0.635045080360643,0.0505541127257588,0.11290929619872,0.0408874081926251,1.47962743251537,0.997336308112261,1.87154512494954
"160",11605,2016,88,115,207,37,129,5382,4139,881,0.769044965,0.163693794,0.999517141477547,0.424915499758571,0.55528730082086,0.0384608238419948,0.0998751560549313,0.0277838177381556,1.12567874235008,0.882204767591936,1.27175262357938
"161",11605,2017,121,133,257,37,129,5115,3904,926,0.763245357,0.181036168,0.999611046285492,0.470633994554648,0.517308440295605,0.0502433970010361,0.130655436777886,0.0340667503393868,1.47053334530415,1.15408930298804,1.55934218721285
"162",11605,2018,65,103,169,37,129,5603,4176,1346,0.74531501,0.240228449,0.999408633944412,0.384387936132466,0.609107037256062,0.0301618746765184,0.048287645791546,0.024664160340988,0.882783512185501,0.426528408222589,1.12895610378835
"163",11606,2010,11,15,26,37,129,4020,3335,470,0.82960199,0.116915423,0.996168582375479,0.421455938697318,0.574712643678161,0.0064675008084376,0.0233992767496277,0.00449761626338041,0.189292049647696,0.206687571986081,0.205870026096241
"164",11606,2011,8,24,33,37,129,4047,3341,549,0.82554979,0.135656042,0.996978851963746,0.241691842900302,0.725075528700906,0.00815398680536681,0.0145692952103442,0.00718326299721649,0.238652444105535,0.128691680721388,0.328800514337708
"165",11606,2012,7,28,35,37,129,4201,3559,463,0.847179243,0.110211854,0.997150997150997,0.199430199430199,0.797720797720798,0.00833115136511866,0.0151155258043619,0.00786715742743952,0.243837730297785,0.133516576654286,0.360104510933289
"166",11606,2013,8,14,22,37,129,4285,3582,600,0.835939323,0.140023337,0.995475113122172,0.361990950226244,0.633484162895928,0.00513406921658771,0.0133311114814198,0.00390832193406103,0.150264918988979,0.117754710688409,0.178896173314909
"167",11606,2014,4,18,23,37,129,4498,3843,509,0.854379724,0.113161405,0.995670995670996,0.173160173160173,0.779220779220779,0.00511327004735333,0.00785700255352583,0.00468371887278499,0.149656164928955,0.0694014946809213,0.214388527189063
"168",11606,2015,13,33,46,37,129,4786,4016,629,0.839114083,0.13142499,0.997830802603037,0.281995661605206,0.715835140997831,0.00961116566724473,0.0206644412652996,0.00821692686935086,0.281301433512434,0.182530564396257,0.376114557126033
"169",11606,2016,2,13,15,37,129,4809,4084,595,0.849241006,0.123726346,0.993377483443709,0.132450331125828,0.860927152317881,0.00311908673140504,0.00336077970089061,0.00318307583066037,0.0912900265348751,0.0296860199479558,0.145699380727479
"170",11606,2017,7,12,19,37,129,5044,4180,671,0.828707375,0.133029342,0.994764397905759,0.366492146596859,0.628272251308901,0.00376677702662517,0.0104306362688124,0.00287074471902586,0.110246749873694,0.0921345949167037,0.131403004527848
"171",11606,2018,9,11,20,37,129,5114,4278,628,0.83652718,0.122800156,0.99502487562189,0.447761194029851,0.54726368159204,0.00391075653585186,0.0143289285145677,0.002571234893995,0.11446076966527,0.126568503613482,0.117693498895449
"172",11607,2010,0,3,3,37,129,10451,8353,882,0.79925366,0.084393838,0.967741935483871,0,0.967741935483871,0.00028705112380515,0,0.000359148100705127,0.00840146714908226,0,0.0164393368697507
"173",11607,2011,0,6,6,37,129,10451,8518,924,0.815041623,0.088412592,0.983606557377049,0,0.983606557377049,0.000574102247610299,0,0.000704382432702128,0.0168029342981645,0,0.0322417968342035
"174",11607,2012,1,43,44,37,129,10824,9515,891,0.879065041,0.082317073,0.997732426303855,0.0226757369614512,0.975056689342404,0.00406500309494554,0.00112220850634048,0.00451913274689704,0.118975287434461,0.00991255216643952,0.20685490314303
"175",11607,2013,0,4,4,37,129,10985,9677,986,0.880928539,0.089758762,0.975609756097561,0,0.975609756097561,0.000364129593722406,0,0.000413346973783468,0.0106574145368755,0,0.0189201895618473
"176",11607,2014,0,3,3,37,129,10857,9319,1073,0.858340241,0.098830248,0.967741935483871,0,0.967741935483871,0.000276316880198211,0,0.000321919498664034,0.00808729525580252,0,0.0147352667968704
"177",11607,2015,0,6,6,37,129,10860,9222,1194,0.849171271,0.109944751,0.983606557377049,0,0.983606557377049,0.000552481100542352,0,0.000650611032194403,0.0161701224338217,0,0.0297805109046127
"178",11607,2016,0,1,1,37,129,11571,9543,1385,0.824734249,0.119695791,0.909090909090909,0,0.909090909090909,8.64222070503236e-05,0,0.000104787752407499,0.00252942167185988,0,0.00479646462912871
"179",11607,2017,2,5,7,37,129,11629,9349,1629,0.80393843,0.140080832,0.985915492957746,0.28169014084507,0.704225352112676,0.000601938241136459,0.00122767172058192,0.000534810837406809,0.0176176434763486,0.0108441166724133,0.0244799721910335
"180",11607,2018,0,2,2,37,129,12732,10186,1434,0.800031417,0.112629595,0.952380952380952,0,0.952380952380952,0.000157083277699672,0,0.000196346000922826,0.00459754339146847,0,0.00898737330327372
"181",11608,2010,1,0,1,37,129,5308,3934,1195,0.741145441,0.225131876,0.909090909090909,0.909090909090909,0,0.00018839132646333,0.000836750062756255,0,0.00551387334587854,0.00739107625764728,0
"182",11608,2011,0,5,5,37,129,5272,4142,973,0.785660091,0.184559939,0.980392156862745,0,0.980392156862745,0.000948388687619734,0,0.00120711716279182,0.0277576213532159,0,0.055253544822962
"183",11608,2012,1,0,1,37,129,5457,4263,1015,0.781198461,0.185999633,0.909090909090909,0.909090909090909,0,0.000183247512415019,0.00098512461826421,0,0.00536332321329238,0.00870167986948504,0
"184",11608,2013,0,0,0,37,129,5674,4607,871,0.811949242,0.153507226,0,0,0,0,0,0,0,0,0
"185",11608,2014,0,0,0,37,129,5766,4958,633,0.859868193,0.109781478,0,0,0,0,0,0,0,0,0
"186",11608,2015,0,0,0,37,129,6467,5381,813,0.832070512,0.125715169,0,0,0,0,0,0,0,0,0
"187",11608,2016,1,0,1,37,129,5993,4789,967,0.799098949,0.161354914,0.909090909090909,0.909090909090909,0,0.000166858554003771,0.00103401923275773,0,0.00488364804646308,0.00913356967791775,0
"188",11608,2017,0,0,0,37,129,6101,5002,765,0.819865596,0.12538928,0,0,0,0,0,0,0,0,0
"189",11608,2018,0,0,0,37,129,6144,4906,1003,0.798502604,0.163248698,0,0,0,0,0,0,0,0,0
"190",11701,2010,16,91,107,37,129,4056,3749,139,0.924309665,0.034270217,0.99906629318394,0.149393090569561,0.849673202614379,0.0263800202164641,0.115025161754134,0.0242724920647622,0.772095473108797,1.01602590775146,1.11102821631956
"191",11701,2011,14,91,105,37,129,4345,3998,141,0.92013809,0.032451093,0.999048525214082,0.133206470028544,0.865842055185538,0.0241651515500219,0.0992204110559887,0.0227608113854081,0.707270273701889,0.876421355756199,1.04183384252612
"192",11701,2012,18,73,91,37,129,4710,4469,118,0.948832272,0.025053079,0.998902305159166,0.197585071350165,0.801317233809001,0.0193201842848347,0.152413209144793,0.0163343849992168,0.565466845875983,1.34627734326212,0.747676117554628
"193",11701,2013,15,57,72,37,129,4775,4520,125,0.946596859,0.02617801,0.998613037447989,0.208044382801664,0.790568654646325,0.0150782182572093,0.119904076738609,0.0126103404791929,0.441312173508946,1.05912173087701,0.577214900406535
"194",11701,2014,15,69,84,37,129,4840,4589,89,0.948140496,0.01838843,0.998810939357907,0.178359096313912,0.820451843043995,0.0173550133261709,0.168350168350168,0.0150356279008956,0.507949846699378,1.48704970294853,0.688227924986258
"195",11701,2015,9,70,79,37,129,4995,4823,0,0.965565566,0,0.99873577749684,0.11378002528445,0.884955752212389,0.0158154991892054,90,0.0145134871762974,0.462891052726346,794.976771196283,0.664327903662929
"196",11701,2016,25,77,102,37,129,5065,4956,0,0.978479763,0,0.999020568070519,0.244857982370225,0.754162585700294,0.0201378057688891,250,0.0155364096769637,0.589397147724685,2208.26880887856,0.711150280134045
"197",11701,2017,29,78,108,37,129,4850,4650,92,0.958762887,0.018969072,0.999074930619797,0.268270120259019,0.721554116558742,0.022267582111709,0.314875135722041,0.0167738328207996,0.651731848742057,2.78131576362555,0.767791024918729
"198",11701,2018,16,69,85,37,129,4811,4618,38,0.9598836,0.007898566,0.99882491186839,0.188014101057579,0.810810810810811,0.0176674772920954,0.41994750656168,0.0149412095883588,0.517095101768186,3.70942792042594,0.683906102196669
"199",11703,2010,0,32,33,37,129,3582,3408,111,0.951423786,0.030988275,0.996978851963746,0,0.966767371601208,0.0092124731302867,0,0.00938939585106071,0.269632424147709,0,0.42978214585007
"200",11703,2011,7,32,39,37,129,3729,3620,27,0.970769643,0.007240547,0.997442455242967,0.179028132992327,0.818414322250639,0.0104582875224585,0.25830258302583,0.00883953481948013,0.306095157861966,2.28160614939483,0.404613278989979
"201",11703,2012,2,21,23,37,129,3743,3686,29,0.984771574,0.007747796,0.995670995670996,0.0865800865800866,0.909090909090909,0.00614463946995806,0.0687285223367698,0.00569707821274518,0.179842482291932,0.60708420862641,0.260773167751011
"202",11703,2013,0,28,28,37,129,3972,3886,18,0.978348439,0.004531722,0.99644128113879,0,0.99644128113879,0.00704916794642632,0,0.00720516713414477,0.206316394603162,0,0.329803135499002
"203",11703,2014,2,14,16,37,129,3984,3875,27,0.972640562,0.006777108,0.993788819875776,0.124223602484472,0.869565217391304,0.00401596345473256,0.0738007380073801,0.00361280999200021,0.117539985872876,0.651887471255665,0.165369663345807
"204",11703,2015,5,15,20,37,129,4041,3903,15,0.965850037,0.003711952,0.99502487562189,0.248756218905473,0.746268656716418,0.00494914750934152,0.33112582781457,0.00384309907509416,0.144852595121417,2.92485934950803,0.175910718155715
"205",11703,2016,0,10,10,37,129,4132,3954,17,0.956921588,0.00411423,0.99009900990099,0,0.99009900990099,0.00242007695844728,0,0.00252902051035634,0.0708312749141063,0,0.115761213935505
"206",11703,2017,1,18,19,37,129,4252,4078,18,0.959078081,0.004233302,0.994764397905759,0.0523560209424084,0.942408376963351,0.00446838032971943,0.0552486187845304,0.00441382016134965,0.13078140943014,0.488015206382003,0.202034415252271
"207",11703,2018,4,14,18,37,129,4298,4157,25,0.967194044,0.005816659,0.994475138121547,0.220994475138122,0.773480662983425,0.00418789697773435,0.159362549800797,0.00336773231339155,0.122572169081837,1.40766139211383,0.154151688059305
"208",11705,2010,0,5,5,37,129,8227,7770,40,0.944451197,0.00486204,0.980392156862745,0,0.980392156862745,0.000607747565970998,0,0.000643492361745666,0.01778767190581,0,0.0294546669941431
"209",11705,2011,1,6,7,37,129,8153,7833,5,0.960750644,0.000613271,0.985915492957746,0.140845070422535,0.845070422535211,0.000858569133213134,0.196078431372549,0.000765980263241884,0.0251287654696747,1.73197553637535,0.0350613230538904
"210",11705,2012,0,9,9,37,129,8220,7899,96,0.960948905,0.011678832,0.989010989010989,0,0.989010989010989,0.00109487719127505,0,0.00113937030800977,0.0320450748732157,0,0.0521525584459171
"211",11705,2013,2,1,3,37,129,8271,7990,28,0.966025874,0.003385322,0.967741935483871,0.645161290322581,0.32258064516129,0.000362708708636094,0.0711743772241993,0.000125154879162964,0.0106158278006279,0.628688628862225,0.00572873200613737
"212",11705,2014,1,2,3,37,129,8036,7681,118,0.955823793,0.014683922,0.967741935483871,0.32258064516129,0.645161290322581,0.000373315414193452,0.00846740050804403,0.000260379372746091,0.0109262668858991,0.0747931857367846,0.0119183818990088
"213",11705,2015,1,0,1,37,129,7915,7543,115,0.953000632,0.014529375,0.909090909090909,0.909090909090909,0,0.0001263407916514,0.00868809730668984,0,0.00369776643469544,0.0767426171634601,0
"214",11705,2016,0,1,1,37,129,8158,7678,230,0.94116205,0.028193185,0.909090909090909,0,0.909090909090909,0.000122577560951692,0,0.000130240554303799,0.00358762347939568,0,0.00596151933450179
"215",11705,2017,0,2,2,37,129,8728,8330,193,0.954399633,0.022112741,0.952380952380952,0,0.952380952380952,0.000229144945635362,0,0.000240093156144584,0.00670665806011798,0,0.0109898180339343
"216",11705,2018,0,5,5,37,129,9112,8592,258,0.942932397,0.028314311,0.980392156862745,0,0.980392156862745,0.000548720931508653,0,0.000581929912361355,0.0160600690879478,0,0.0266367602810944
"217",11800,2010,0,1,1,37,129,2587,2587,0,1,0,0.909090909090909,0,0.909090909090909,0.000386533183873836,0,0.000386533183873836,0.0113131270949163,0,0.0176928381594211
"218",11800,2011,0,7,7,37,129,2519,2508,8,0.995633188,0.003175863,0.985915492957746,0,0.985915492957746,0.00277877019570482,0,0.00279095729835334,0.0813295771310409,0,0.127750883623327
"219",11800,2012,0,1,1,37,129,2504,2482,16,0.991214058,0.006389776,0.909090909090909,0,0.909090909090909,0.000399345074078511,0,0.000402884654123524,0.0116881079458719,0,0.0184412963225648
"220",11800,2013,0,3,3,37,129,2511,2490,2,0.991636798,0.000796495,0.967741935483871,0,0.967741935483871,0.00119469555175023,0,0.00120477089273523,0.0349665777236166,0,0.0551461486714247
"221",11800,2014,0,3,3,37,129,2525,2498,1,0.989306931,0.00039604,0.967741935483871,0,0.967741935483871,0.00118807175953428,0,0.00120091269364717,0.0347727113071853,0,0.0549695467782373
"222",11800,2015,0,3,3,37,129,2540,2507,0,0.987007874,0,0.967741935483871,0,0.967741935483871,0.00118105586394236,0,0.00119660165131028,0.0345673687342127,0,0.0547722168268975
"223",11800,2016,0,0,0,37,129,2546,2508,0,0.985074627,0,0,0,0,0,0,0,0,0,0
"224",11800,2017,0,0,0,37,129,2545,2490,0,0.978388998,0,0,0,0,0,0,0,0,0,0
"225",11800,2018,0,1,1,37,129,2536,2483,4,0.979100946,0.001577287,0.909090909090909,0,0.909090909090909,0.000394306218209061,0,0.000402722403447304,0.0115406297493229,0,0.0184338695993871
"226",11902,2010,59,155,216,37,129,5154,4924,204,0.955374466,0.039580908,0.999537251272559,0.27302174919019,0.717260527533549,0.0419083836169263,0.289073983341499,0.0314778335127231,1.22658258069647,2.55341224348526,1.44083933070956
"227",11902,2011,37,171,209,37,129,5486,5046,377,0.919795844,0.068720379,0.999521759923482,0.176948828311813,0.817790530846485,0.0380962796886677,0.098117210289048,0.0338875567269773,1.11500919440347,0.866676700381935,1.55113993261781
"228",11902,2012,36,163,200,37,129,5923,5383,504,0.908829985,0.085092014,0.999500249875062,0.179910044977511,0.814592703648176,0.0337661022099914,0.071414401904384,0.0302799502145604,0.98827273242923,0.630808784920677,1.3860084488798
"229",11902,2013,42,132,176,37,129,6092,5501,526,0.902987525,0.086342745,0.999432140829074,0.238500851788756,0.749574105621806,0.0288898737709493,0.0798327314198821,0.023995200959808,0.845554346592699,0.705168522888422,1.09833573130746
"230",11902,2014,36,125,162,37,129,6136,5595,482,0.911831812,0.078552803,0.999383096853794,0.222085132634176,0.771128932757557,0.0264011342709539,0.074673304293715,0.022340976926239,0.772713443290653,0.659594914910835,1.02261670037708
"231",11902,2015,68,155,231,37,129,6328,5752,477,0.90897598,0.075379267,0.999567286888793,0.294244915620943,0.670705322371268,0.0365038479164362,0.142527771955565,0.0269466803428313,1.06840159696853,1.25895853283372,1.23343421504267
"232",11902,2016,29,101,133,37,129,6159,5634,422,0.914758889,0.068517616,0.999248685199098,0.217881292261458,0.758827948910594,0.0215940640678021,0.0687040985548448,0.0179265543742568,0.632019193918802,0.606868471523131,0.820554711813077
"233",11902,2017,22,109,131,37,129,6001,5677,236,0.946008999,0.039326779,0.999237223493516,0.167810831426392,0.831426392067124,0.0218293312892636,0.0931808555696739,0.019199943633193,0.638905039917812,0.823073507756517,0.878841738677135
"234",11902,2018,21,81,102,37,129,5931,5468,342,0.921935593,0.057663126,0.999020568070519,0.205680705190989,0.79333986287953,0.0171974844463927,0.0613855597778427,0.0148131892247764,0.503339261341118,0.542223267891843,0.678046207966441
"235",11903,2010,93,187,281,37,129,6849,5922,284,0.864651774,0.041465907,0.999644254713625,0.330843116328709,0.665243685521167,0.0410272882568513,0.327349524815206,0.0315766366660475,1.20079451331408,2.89150298100256,1.44536186143742
"236",11903,2011,86,196,283,37,129,7210,6197,279,0.859500693,0.038696255,0.999646767926528,0.303779583186153,0.692334864005652,0.0392504958322353,0.308133285560731,0.0316276968259347,1.14879101307249,2.72176449392414,1.44769904536617
"237",11903,2012,42,159,202,37,129,7641,7048,289,0.922392357,0.037822275,0.999505195447798,0.20781791192479,0.78673923800099,0.0264359843478033,0.145278450363196,0.0225592712929726,0.773733441999986,1.28325548215704,1.03260871933654
"238",11903,2013,66,142,211,37,129,8041,7293,432,0.906976744,0.053724661,0.999526290857414,0.312648034107058,0.672666982472762,0.0262401910186417,0.152742420735941,0.0194704583784673,0.768002925424558,1.34918529401514,0.89122404841807
"239",11903,2014,50,166,217,37,129,8637,7629,618,0.88329281,0.071552622,0.999539382772916,0.230308613542146,0.764624596959926,0.0251241736230911,0.0808930593755056,0.0217587919938132,0.735339115012557,0.714534479494763,0.995968267026457
"240",11903,2015,51,144,196,37,129,8864,7601,980,0.857513538,0.110559567,0.99949005609383,0.260071392146864,0.734319224885263,0.0221116639027087,0.0520355065809611,0.0189446264356475,0.647168404803933,0.459633544547727,0.867155068440397
"241",11903,2016,43,157,202,37,129,9092,7857,1025,0.8641663,0.112736472,0.999505195447798,0.212765957446809,0.776843146956952,0.0222170895612675,0.0419471271095503,0.0199819271741482,0.65025402312624,0.370522129672337,0.914635582027898
"242",11903,2017,38,167,205,37,129,8753,7547,962,0.862218668,0.109905175,0.999512432959532,0.185275475377864,0.814236957581667,0.0234202739600827,0.0394969337906663,0.0221277046812683,0.685469054048036,0.34887938774508,1.0128545597082
"243",11903,2018,38,136,174,37,129,9015,7722,957,0.856572379,0.106156406,0.999425617461229,0.218265364732912,0.781160252728317,0.0193009506272809,0.0397032702956849,0.017611789539115,0.564903911511006,0.350701973617743,0.806146936442729
"244",11904,2010,4,58,63,37,129,1836,1788,17,0.973856209,0.009259259,0.998415213946117,0.063391442155309,0.919175911251981,0.0343118566526878,0.233918128654971,0.0324366646160729,1.0042459777557,2.06621642936006,1.48472804257582
"245",11904,2011,10,41,55,37,129,1712,1635,14,0.955023364,0.00817757,0.998185117967332,0.181488203266788,0.744101633393829,0.0321242918053852,0.709219858156028,0.0250749189652009,0.940219911745332,6.26459236561295,1.14775781645879
"246",11904,2012,6,34,40,37,129,1645,1488,116,0.904559271,0.070516717,0.997506234413965,0.149625935162095,0.84788029925187,0.0243146313294025,0.0516795865633075,0.022847926886634,0.711645276451471,0.456489676253967,1.04582139269948
"247",11904,2013,1,30,31,37,129,1636,1492,96,0.91198044,0.058679707,0.996784565916399,0.0321543408360129,0.964630225080386,0.0189474970967545,0.0104058272632674,0.0201058910260706,0.554558966032024,0.0919154551042067,0.920309796975502
"248",11904,2014,4,25,30,37,129,1732,1597,90,0.922055427,0.051963048,0.996677740863787,0.132890365448505,0.830564784053156,0.0173200161653484,0.0443951165371809,0.015653371736272,0.506925543108213,0.392145404462342,0.716504001036851
"249",11904,2015,3,22,27,37,129,1898,1728,109,0.910432034,0.057428872,0.996309963099631,0.11070110701107,0.811808118081181,0.0142247510668563,0.0274977085242896,0.0127307447485678,0.416332732677921,0.242889328199292,0.582726182078144
"250",11904,2016,1,26,27,37,129,2253,2102,113,0.932978251,0.050155348,0.996309963099631,0.03690036900369,0.959409594095941,0.0119834894145844,0.00884173297966401,0.0123685837971552,0.350735058317857,0.0780996926216999,0.566148937566335
"251",11904,2017,2,63,65,37,129,2442,2268,108,0.928746929,0.044226044,0.998463901689708,0.0307219662058372,0.967741935483871,0.0266164366733549,0.0185013876040703,0.0277765530620343,0.779014955149978,0.163424148668164,1.27142009653058
"252",11904,2018,6,24,30,37,129,2834,2691,77,0.949541284,0.027170078,0.996677740863787,0.199335548172757,0.79734219269103,0.0105853710172542,0.0778210116731518,0.00891828620266805,0.309814661874223,0.687398851012783,0.408217977204012
"253",12001,2010,19,121,141,37,129,6252,5571,294,0.891074856,0.047024952,0.999291282778172,0.134656272147413,0.857547838412474,0.0225524223860783,0.064603876232574,0.0217192295955915,0.660068608327339,0.570650899268177,0.994157371770534
"254",12001,2011,12,139,152,37,129,6238,5731,192,0.91872395,0.030779096,0.999342537804076,0.0788954635108481,0.913872452333991,0.02436639361344,0.062467464862051,0.0242536336828881,0.713160264872829,0.55177981689834,1.11016500893565
"255",12001,2012,7,72,79,37,129,6419,5744,262,0.894843434,0.040816327,0.99873577749684,0.088495575221239,0.910240202275601,0.0123070212335063,0.0267073636016787,0.0125346007207395,0.360204249423342,0.235908152035863,0.573748053717928
"256",12001,2013,6,117,123,37,129,6304,5522,373,0.875951777,0.059168782,0.999187652315191,0.0487408610885459,0.950446791226645,0.0195111118161197,0.0160814794961136,0.0211875916770794,0.571054949349267,0.142048918287552,0.969822634045358
"257",12001,2014,10,85,95,37,129,6456,5833,406,0.90350062,0.062887237,0.998948475289169,0.10515247108307,0.893796004206099,0.0147147658803302,0.0246244767298695,0.0145720114518866,0.430674579884063,0.217509855590107,0.667006743616644
"258",12001,2015,22,89,111,37,129,6819,6176,368,0.905704649,0.053966857,0.999099909990999,0.198019801980198,0.801080108010801,0.0162778079218665,0.0597663678348275,0.0144103884328298,0.476421993064425,0.527920823638451,0.659608750279173
"259",12001,2016,15,71,86,37,129,6776,5918,471,0.873376623,0.069510035,0.99883855981417,0.174216027874564,0.824622531939605,0.0126916662977229,0.0318403735937168,0.0119970936618171,0.371462114671297,0.281248415480182,0.54914466699767
"260",12001,2017,15,67,84,37,129,7105,6291,496,0.885432794,0.069809993,0.998810939357907,0.178359096313912,0.79667063020214,0.0118224937017072,0.0302358395484781,0.0106499658247365,0.346023005025919,0.267075445540645,0.487482393754663
"261",12001,2018,18,41,60,37,129,7406,6557,261,0.885363219,0.035241696,0.998336106489185,0.299500831946755,0.682196339434276,0.00810142990237777,0.0689391037916507,0.00625276417928657,0.237114198624846,0.608944290460577,0.286208660183887
"262",12004,2010,0,4,4,37,129,3860,3636,39,0.941968912,0.010103627,0.975609756097561,0,0.975609756097561,0.00103624258438901,0,0.00110007975578229,0.0303289459933762,0,0.0503541064351786
"263",12004,2011,1,16,17,37,129,4016,3756,42,0.935258964,0.010458167,0.994152046783626,0.0584795321637427,0.935672514619883,0.00423296232663529,0.0237529691211401,0.00425973749367695,0.123891150325785,0.209811763313878,0.194981567486438
"264",12004,2012,1,12,13,37,129,3858,3668,18,0.950751685,0.00466563,0.99236641221374,0.0763358778625954,0.916030534351145,0.00336953422669189,0.0552486187845304,0.00327144843379406,0.0986201716892647,0.488015206382003,0.149744472404476
"265",12004,2013,4,13,17,37,129,3750,3437,58,0.916533333,0.015466667,0.994152046783626,0.233918128654971,0.760233918128655,0.00453321244766806,0.0688468158347676,0.00378225829914754,0.132678928248149,0.608129103994097,0.173125844703121
"266",12004,2014,2,9,11,37,129,3705,3460,39,0.933873144,0.010526316,0.990990990990991,0.18018018018018,0.810810810810811,0.00296888073196405,0.051150895140665,0.00260108089361579,0.0868937686377794,0.451819705141394,0.119059644062352
"267",12004,2015,0,7,7,37,129,3790,3566,32,0.940897098,0.008443272,0.985915492957746,0,0.985915492957746,0.00184691696789003,0,0.00196292868960489,0.0540559187754426,0,0.0898494128643805
"268",12004,2016,0,7,7,37,129,3633,3363,81,0.925681255,0.022295623,0.985915492957746,0,0.985915492957746,0.00192672923949244,0,0.00208141298207011,0.0563918795934065,0,0.0952728111610322
"269",12004,2017,1,8,9,37,129,3587,3414,83,0.951770282,0.023139113,0.989010989010989,0.10989010989011,0.879120879120879,0.00250899054946893,0.0120336943441637,0.00234322368999151,0.0734336148881606,0.10629452750318,0.1072567097677
"270",12004,2018,0,7,7,37,129,3740,3561,45,0.952139037,0.012032086,0.985915492957746,0,0.985915492957746,0.00187160771102377,0,0.00196568476032687,0.0547785721640611,0,0.0899755668798033
"271",12006,2010,10,45,56,37,129,3789,3478,258,0.917920296,0.068091845,0.998217468805704,0.17825311942959,0.802139037433155,0.0147792351745797,0.0387446726075165,0.0129380983870504,0.432561479508707,0.342234608117561,0.592217409534148
"272",12006,2011,10,63,73,37,129,3601,3211,336,0.891696751,0.093307415,0.998632010943913,0.136798905608755,0.861833105335157,0.0202715836827636,0.029753049687593,0.0196194450499829,0.593312585273895,0.262810926376503,0.898043636430197
"273",12006,2012,3,52,55,37,129,3578,3205,324,0.895751817,0.090553382,0.998185117967332,0.0544464609800363,0.943738656987296,0.0153712864369358,0.00925640234495526,0.0162241427724564,0.449889749000638,0.0817624983231804,0.742629984498576
"274",12006,2013,19,57,76,37,129,3720,3396,280,0.912903226,0.075268817,0.998685939553219,0.249671484888305,0.749014454664915,0.0204295583452058,0.0678329168154231,0.0167839580695504,0.597936217884357,0.599173257675012,0.768254489363558
"275",12006,2014,3,49,52,37,129,3949,3412,429,0.864016207,0.108635097,0.998080614203455,0.0575815738963532,0.940499040307102,0.0131675571649237,0.00699137730132836,0.0143606576595059,0.385390579518728,0.0617553617025001,0.657332416549829
"276",12006,2015,10,37,48,37,129,4002,3499,272,0.874312844,0.067966017,0.997920997920998,0.207900207900208,0.769230769230769,0.0119937033057645,0.0367511944138184,0.010574147637964,0.351034000436865,0.32462606525227,0.484011957155501
"277",12006,2016,23,46,70,37,129,4184,3652,245,0.872848948,0.058556405,0.998573466476462,0.328102710413695,0.65620542082739,0.0167300016730002,0.0938392492860057,0.0125954930040251,0.489656886190113,0.828889148987466,0.576535284823241
"278",12006,2017,19,43,63,37,129,4387,3792,279,0.864372008,0.063596991,0.998415213946117,0.301109350237718,0.681458003169572,0.014360283558615,0.0680759584378359,0.0113393634134121,0.420299523547958,0.601320062611146,0.519038287201351
"279",12006,2018,7,45,52,37,129,4536,3831,299,0.84457672,0.065917108,0.998080614203455,0.134357005758157,0.863723608445297,0.0114635920724852,0.023403543965229,0.0117459737412231,0.335518603553142,0.206725264622534,0.537650119313179
"280",12007,2010,13,23,37,37,129,3611,3523,24,0.975630019,0.006646358,0.997304582210243,0.350404312668464,0.619946091644205,0.0102461853728781,0.539419087136929,0.00652834151741364,0.299887311613786,4.76472938015292,0.298822700704345
"281",12007,2011,14,46,60,37,129,3588,3456,67,0.963210702,0.018673356,0.998336106489185,0.232945091514143,0.765391014975042,0.0167219419748613,0.208643815201192,0.0133098000636556,0.489420993404719,1.84296651709686,0.609231363011185
"282",12007,2012,5,32,38,37,129,3777,3480,80,0.921366164,0.021180831,0.997375328083989,0.131233595800525,0.83989501312336,0.0100606285245294,0.0624219725343321,0.00919513807074509,0.294456398315056,0.55137797974496,0.420890356964347
"283",12007,2013,20,23,43,37,129,3714,3472,69,0.934841142,0.018578352,0.997679814385151,0.464037122969838,0.533642691415313,0.0115775019520207,0.289435600578871,0.00662423317300769,0.338852539676392,2.55660643574942,0.303211963034325
"284",12007,2014,16,40,57,37,129,4132,3878,75,0.938528558,0.018151016,0.998248686514886,0.280210157618214,0.700525394045534,0.0137944386631495,0.213049267643142,0.0103143291818158,0.403738267010406,1.88188020996309,0.472119250171354
"285",12007,2015,5,33,38,37,129,4260,4048,62,0.950234742,0.014553991,0.997375328083989,0.131233595800525,0.866141732283465,0.00891997840426281,0.0805152979066023,0.00815197253032287,0.261071632608577,0.711197684018861,0.373141392968025
"286",12007,2016,12,28,40,37,129,4096,3870,94,0.944824219,0.022949219,0.997506234413965,0.29925187032419,0.698254364089775,0.00976538658724152,0.127523910733262,0.00723495516911708,0.285815200871638,1.12642829783391,0.331166627441841
"287",12007,2017,6,34,40,37,129,4154,4010,144,0.965334617,0.034665383,0.997506234413965,0.149625935162095,0.84788029925187,0.00962904118822368,0.0416377515614157,0.00847859155632029,0.281824617676588,0.367789392179636,0.38809177189499
"288",12007,2018,12,42,55,37,129,4413,4116,297,0.932698844,0.067301156,0.998185117967332,0.217785843920145,0.762250453720508,0.012462894563912,0.0403904409289801,0.0102038337260999,0.364766379846181,0.356771803521276,0.467061526030467
"289",12008,2010,1,28,29,37,129,5549,4240,567,0.76410164,0.102180573,0.996563573883161,0.0343642611683849,0.962199312714777,0.0052260726964733,0.00176335743255158,0.00660361783920191,0.152957694420803,0.0155758688688314,0.302268334440855
"290",12008,2011,5,25,31,37,129,5578,4345,525,0.77895303,0.094119756,0.996784565916399,0.160771704180064,0.803858520900322,0.00555744787651709,0.00952199581032184,0.00575360751190997,0.162656446518527,0.0841085053848244,0.263360691366356
"291",12008,2012,18,27,45,37,129,5689,4194,670,0.737212164,0.117771137,0.997782705099778,0.399113082039911,0.598669623059867,0.00790986271993813,0.026861662438442,0.00643761474452207,0.231507373719324,0.237271085269746,0.294669851281665
"292",12008,2013,5,29,34,37,129,5653,4354,591,0.770210508,0.104546259,0.997067448680352,0.146627565982405,0.850439882697947,0.00601439917921141,0.00845880561664693,0.00666038905858846,0.176030584572494,0.0747172664144329,0.304866931504767
"293",12008,2014,4,23,27,37,129,5266,4239,584,0.804975313,0.110900114,0.996309963099631,0.14760147601476,0.848708487084871,0.00512713393213194,0.00684814244136278,0.00542567997924088,0.150061935758144,0.0604901574080757,0.248350417978221
"294",12008,2015,11,24,35,37,129,5544,4577,592,0.825577201,0.106782107,0.997150997150997,0.313390313390313,0.683760683760684,0.00631301744196533,0.0185779429150481,0.00524349478927705,0.184770600954894,0.164100367489709,0.240011229480177
"295",12008,2016,5,27,32,37,129,5514,4522,780,0.820094305,0.141458107,0.996884735202492,0.155763239875389,0.841121495327103,0.00580330425636097,0.00640943468786053,0.00597067734017381,0.169852218028736,0.0566150188149869,0.273296659353051
"296",12008,2017,3,29,36,37,129,5625,4628,749,0.822755556,0.133155556,0.997229916897507,0.0831024930747922,0.803324099722992,0.0063998862242449,0.0040048057669203,0.0062660703096303,0.187313093075907,0.0353747506428284,0.286817723572288
"297",12008,2018,4,16,20,37,129,5994,4854,894,0.80980981,0.149149149,0.99502487562189,0.199004975124378,0.796019900497512,0.00333661433743181,0.00447377250866793,0.00329618260851651,0.0976566660791707,0.0395171691556392,0.150876633286461
"298",12009,2010,20,42,62,37,129,6972,5755,787,0.825444636,0.112880092,0.998389694041868,0.322061191626409,0.676328502415459,0.00889258616485707,0.0254097319273282,0.00729787492832444,0.260269911310794,0.224446073828338,0.334046662489619
"299",12009,2011,15,54,69,37,129,7020,5805,934,0.826923077,0.133048433,0.998552821997106,0.217076700434153,0.781476121562952,0.00982891981595704,0.0160582378760304,0.00930216533737576,0.287674703551344,0.141843623308761,0.425789331195132
"300",12009,2012,18,34,53,37,129,7197,5905,889,0.820480756,0.12352369,0.998116760828625,0.338983050847458,0.64030131826742,0.00736407719776021,0.0202451917669553,0.00575773483937613,0.215533218752646,0.17882730203493,0.263549612110904
"301",12009,2013,13,40,54,37,129,7079,6142,704,0.867636672,0.099449075,0.99815157116451,0.240295748613678,0.739371534195933,0.0076280883163114,0.0184632864649908,0.0065124306019114,0.223260346624843,0.163087598440116,0.29809440811604
"302",12009,2014,9,15,24,37,129,7090,6320,559,0.891396333,0.078843441,0.995850622406639,0.37344398340249,0.622406639004149,0.00338500162197994,0.0160972992309068,0.00237338016803532,0.0990728743704868,0.142188655195186,0.108637066507424
"303",12009,2015,10,45,55,37,129,6957,6312,390,0.907287624,0.056058646,0.998185117967332,0.181488203266788,0.816696914700544,0.00790559284759454,0.0256344527044348,0.00712916462033238,0.231382402279568,0.226431049359504,0.326324261672141
"304",12009,2016,30,32,62,37,129,7038,6474,225,0.919863598,0.031969309,0.998389694041868,0.483091787439614,0.515297906602254,0.00880919566360239,0.133274100399822,0.00494277196830447,0.257829222183542,1.17722015577711,0.226246201212774
"305",12009,2017,12,24,36,37,129,7154,6725,98,0.940033548,0.01369863,0.997229916897507,0.332409972299169,0.664819944598338,0.00503207950685621,0.122324159021407,0.00356872016772985,0.147279864673583,1.0804984997571,0.163351533576262
"306",12009,2018,0,30,30,37,129,7402,6817,189,0.920967306,0.02553364,0.996677740863787,0,0.996677740863787,0.0040529039056484,0,0.0044006982441214,0.118621166049869,0,0.20143378387689
"307",12010,2010,3,29,32,37,129,4878,4709,125,0.965354654,0.025625256,0.996884735202492,0.0934579439252336,0.903426791277259,0.00655993112072323,0.0239808153477218,0.00615828926971183,0.191997317691776,0.211824346175402,0.281884246770064
"308",12010,2011,2,33,36,37,129,4753,4617,77,0.971386493,0.016200295,0.997229916897507,0.0554016620498615,0.914127423822715,0.00757400433401359,0.0259403372243839,0.00714734357063958,0.221677406295109,0.229132950337594,0.327156369338732
"309",12010,2012,0,21,21,37,129,4782,4525,101,0.946256796,0.02112087,0.995260663507109,0,0.995260663507109,0.00439137617364756,0,0.00464078141919516,0.128527637074176,0,0.212423145045856
"310",12010,2013,3,20,23,37,129,5113,4774,162,0.933698416,0.031683943,0.995670995670996,0.12987012987013,0.865800865800866,0.00449824959417966,0.0185070943861814,0.00418927127626149,0.131655628770595,0.163474557103904,0.191756107338507
"311",12010,2014,2,28,30,37,129,5086,4696,163,0.923318915,0.032048761,0.996677740863787,0.0664451827242525,0.930232558139535,0.00589842905172922,0.0122624156958921,0.00596239432720768,0.172636348718613,0.108314840410966,0.272917519827659
"312",12010,2015,1,9,10,37,129,5252,4849,176,0.923267327,0.033511043,0.99009900990099,0.099009900990099,0.891089108910891,0.00190400030464005,0.0056785917092561,0.00185601451815801,0.0557266447844821,0.0501594277996267,0.0849556153554564
"313",12010,2016,2,13,15,37,129,5155,4720,182,0.915615907,0.035305529,0.993377483443709,0.132450331125828,0.860927152317881,0.00290973986925569,0.0109829763866008,0.00275417893688693,0.085162822565783,0.0970134567327211,0.126067422476027
"314",12010,2017,1,8,9,37,129,5471,5001,185,0.914092488,0.033814659,0.989010989010989,0.10989010989011,0.879120879120879,0.00164500740253331,0.00540248514316586,0.00159964807742297,0.0481463910301988,0.047720557728332,0.0732209179616296
"315",12010,2018,0,5,5,37,129,5362,4788,217,0.892950392,0.040469974,0.980392156862745,0,0.980392156862745,0.000932470487309077,0,0.00104425555021825,0.0272917244244399,0,0.0477988571690631
"316",12101,2010,13,45,58,37,129,7735,6605,461,0.853910795,0.059599224,0.998278829604131,0.223752151462995,0.774526678141136,0.00749828702925625,0.028193450444589,0.00681291729118408,0.219461297749345,0.249034868925798,0.311848627893706
"317",12101,2011,2,40,42,37,129,7983,6644,549,0.832268571,0.068771139,0.997624703087886,0.0475059382422803,0.950118764845606,0.00526111410354374,0.00364232380258605,0.00602037898285697,0.153983293019608,0.032172920180347,0.275571659681451
"318",12101,2012,12,37,49,37,129,8267,6875,541,0.831619693,0.06544091,0.9979633401222,0.244399185336049,0.753564154786151,0.00592710865962671,0.0221770467566069,0.00538173990196506,0.173475748963438,0.195891522502626,0.246339142599062
"319",12101,2013,4,23,27,37,129,8102,6677,478,0.824117502,0.058997778,0.996309963099631,0.14760147601476,0.848708487084871,0.00333246935979561,0.00836645053336122,0.00344460918662293,0.0975353500815791,0.0739014870153881,0.157670584063662
"320",12101,2014,6,28,34,37,129,8381,6789,752,0.810046534,0.089726763,0.997067448680352,0.175953079178886,0.821114369501466,0.0040567467277565,0.00797766254487435,0.004124258001797,0.11873363850172,0.0704672934624193,0.188780245520418
"321",12101,2015,9,25,35,37,129,8463,6638,797,0.78435543,0.094174643,0.997150997150997,0.256410256410256,0.712250712250712,0.00413560043010244,0.011290929619872,0.00376613790090538,0.121041543731496,0.0997336308112261,0.172387963431698
"322",12101,2016,8,44,52,37,129,8561,6853,770,0.800490597,0.089942764,0.998080614203455,0.153550863723608,0.844529750479846,0.00607398581957926,0.0103882612647708,0.00642045205819264,0.17777457775022,0.0917602933178991,0.293884261210034
"323",12101,2017,5,12,17,37,129,9000,7088,830,0.787555556,0.092222222,0.994152046783626,0.292397660818713,0.701754385964912,0.00188886790146776,0.00602337067823154,0.0016929783722013,0.0552837467165236,0.0532048863722097,0.0774929387602966
"324",12101,2018,9,21,30,37,129,9076,7272,967,0.801234024,0.106544733,0.996677740863787,0.299003322259136,0.697674418604651,0.00330538447130375,0.00930617309481956,0.00288774906835715,0.0967426243890808,0.0822021271012598,0.132181347017643
"325",12103,2010,0,3,3,37,129,4312,4051,153,0.939471243,0.035482375,0.967741935483871,0,0.967741935483871,0.000695716704158067,0,0.000740539606526622,0.0203623694538099,0,0.0338968242716088
"326",12103,2011,0,4,4,37,129,4169,3958,182,0.949388343,0.043655553,0.975609756097561,0,0.975609756097561,0.000959439687222662,0,0.00101058588716809,0.0280810641215206,0,0.0462576909145683
"327",12103,2012,0,1,1,37,129,4246,3926,279,0.924634951,0.065708902,0.909090909090909,0,0.909090909090909,0.00023551023291962,0,0.000254705687578004,0.00689295850480626,0,0.0116586795044034
"328",12103,2013,2,0,2,37,129,4087,3886,165,0.950819672,0.040371911,0.952380952380952,0.952380952380952,0,0.000489344523011426,0.0121138703815869,0,0.0143222290167884,0.107002728473825,0
"329",12103,2014,0,2,2,37,129,4233,4118,98,0.972832506,0.023151429,0.952380952380952,0,0.952380952380952,0.000472466986369327,0,0.000485660863019354,0.0138282540489277,0,0.0222302234536501
"330",12103,2015,0,1,1,37,129,4072,3872,146,0.950884086,0.035854617,0.909090909090909,0,0.909090909090909,0.000245573536995653,0,0.000258257792928902,0.00718749321167404,0,0.0118212705256161
"331",12103,2016,0,0,0,37,129,4310,4120,92,0.955916473,0.021345708,0,0,0,0,0,0,0,0,0
"332",12103,2017,0,0,0,37,129,4454,4276,87,0.960035923,0.019533004,0,0,0,0,0,0,0,0,0
"333",12103,2018,0,0,0,37,129,4463,4198,95,0.940622899,0.02128613,0,0,0,0,0,0,0,0,0
"334",12104,2010,0,0,0,37,129,5067,4366,409,0.861653839,0.080718374,0,0,0,0,0,0,0,0,0
"335",12104,2011,0,0,0,37,129,5175,4558,182,0.880772947,0.035169082,0,0,0,0,0,0,0,0,0
"336",12104,2012,0,4,4,37,129,5273,4412,453,0.836715342,0.08590935,0.975609756097561,0,0.975609756097561,0.000758567066810794,0,0.000906597765236509,0.0222018858790904,0,0.0414978278844434
"337",12104,2013,0,1,1,37,129,5349,4473,430,0.836231071,0.080388858,0.909090909090909,0,0.909090909090909,0.000186947336935185,0,0.000223558605888534,0.00547161038441193,0,0.0102329797237348
"338",12104,2014,0,0,0,37,129,5606,4801,389,0.856403853,0.069389939,0,0,0,0,0,0,0,0,0
"339",12104,2015,0,0,0,37,129,5723,5173,375,0.903896558,0.065525074,0,0,0,0,0,0,0,0,0
"340",12104,2016,0,4,4,37,129,6322,5710,381,0.903195191,0.060265739,0.975609756097561,0,0.975609756097561,0.000632701159424875,0,0.000700513125864696,0.0185180184478309,0,0.0320646865044312
"341",12104,2017,0,0,0,37,129,6625,6252,106,0.943698113,0.016,0,0,0,0,0,0,0,0,0
"342",12104,2018,0,2,2,37,129,6506,6171,107,0.948509069,0.016446357,0.952380952380952,0,0.952380952380952,0.000307403821029495,0,0.000324091328936494,0.00899715378099256,0,0.0148346782914677
"343",12105,2010,0,0,0,37,129,10558,9134,633,0.865125971,0.059954537,0,0,0,0,0,0,0,0,0
"344",12105,2011,0,15,15,37,129,11261,9929,648,0.881715656,0.057543735,0.993377483443709,0,0.993377483443709,0.00133201907451315,0,0.00151071094056863,0.0389857888313635,0,0.0691499858026984
"345",12105,2012,0,3,3,37,129,11024,9964,541,0.903846154,0.049074746,0.967741935483871,0,0.967741935483871,0.000272131058317686,0,0.000301080880360494,0.00796478382106236,0,0.0137814177704674
"346",12105,2013,0,3,3,37,129,11632,9868,1054,0.848349381,0.090612105,0.967741935483871,0,0.967741935483871,0.000257906998736256,0,0.000304009890455103,0.00754847132691204,0,0.0139154877642823
"347",12105,2014,0,0,0,37,129,12169,10170,974,0.835730134,0.080039444,0,0,0,0,0,0,0,0,0
"348",12105,2015,2,8,10,37,129,12229,10224,1331,0.836045466,0.108839643,0.99009900990099,0.198019801980198,0.792079207920792,0.000817721663900042,0.00150251671549846,0.000782464960240999,0.0239332339315713,0.0132718431906157,0.0358158794239009
"349",12105,2016,1,2,3,37,129,11838,9770,1291,0.825308329,0.109055584,0.967741935483871,0.32258064516129,0.645161290322581,0.000253419045285983,0.000774533343660445,0.000204706195433005,0.007417117047649,0.00684151129696713,0.00937004567041037
"350",12105,2017,1,4,5,37,129,11874,9594,1414,0.80798383,0.119083712,0.980392156862745,0.196078431372549,0.784313725490196,0.000421084545355016,0.000707163566933032,0.000416922900532619,0.0123243829457634,0.00624642899053409,0.0190838709632954
"351",12105,2018,3,1,4,37,129,11309,10007,627,0.884870457,0.055442568,0.975609756097561,0.731707317073171,0.24390243902439,0.000353697464873421,0.00478392600861107,9.99290503742343e-05,0.0103520849960679,0.042256778355195,0.00457406657295702
"352",12201,2010,1,0,1,37,129,2797,2797,0,1,0,0.909090909090909,0.909090909090909,0,0.000357513138607844,10,0,0.0104637628641299,88.3307523551426,0
"353",12201,2011,0,0,0,37,129,2984,2965,19,0.993632708,0.006367292,0,0,0,0,0,0,0,0,0
"354",12201,2012,0,0,0,37,129,2874,2798,20,0.973556019,0.006958942,0,0,0,0,0,0,0,0,0
"355",12201,2013,0,0,0,37,129,2978,2909,10,0.976830087,0.003357958,0,0,0,0,0,0,0,0,0
"356",12201,2014,0,1,1,37,129,2952,2900,10,0.982384824,0.003387534,0.909090909090909,0,0.909090909090909,0.000338741912536838,0,0.000344815696010482,0.00991436303216621,0,0.0157832976801621
"357",12201,2015,1,1,2,37,129,2873,2834,0,0.986425339,0,0.952380952380952,0.476190476190476,0.476190476190476,0.000696112213288782,10,0.000352845700575138,0.0203739452906323,88.3307523551426,0.0161508562161668
"358",12201,2016,0,1,1,37,129,2719,2632,0,0.968002942,0,0.909090909090909,0,0.909090909090909,0.000367768747011879,0,0.000379924774894571,0.0107639259708204,0,0.0173903505194477
"359",12201,2017,0,0,0,37,129,2775,2705,0,0.974774775,0,0,0,0,0,0,0,0,0,0
"360",12201,2018,0,1,1,37,129,2822,2718,0,0.963146704,0,0.909090909090909,0,0.909090909090909,0.000354346054356685,0,0.000367904050623597,0.0103710680370142,0,0.0168401242052309
"361",12202,2010,0,0,0,37,129,2868,2722,133,0.949093445,0.04637378,0,0,0,0,0,0,0,0,0
"362",12202,2011,0,2,2,37,129,2713,2586,114,0.953188352,0.042019904,0.952380952380952,0,0.952380952380952,0.000737164129593454,0,0.000773365299099029,0.0215754606223566,0,0.0353993593459172
"363",12202,2012,0,0,0,37,129,2881,2708,132,0.939951406,0.045817425,0,0,0,0,0,0,0,0,0
"364",12202,2013,0,0,0,37,129,2839,2653,131,0.934483973,0.046143008,0,0,0,0,0,0,0,0,0
"365",12202,2014,0,0,0,37,129,2936,2640,100,0.899182561,0.034059946,0,0,0,0,0,0,0,0,0
"366",12202,2015,0,1,1,37,129,3097,2755,132,0.889570552,0.042621892,0.909090909090909,0,0.909090909090909,0.000322882696716283,0,0.000362963231824616,0.00945019247271895,0,0.0166139674067142
"367",12202,2016,0,1,1,37,129,3329,3090,0,0.928206669,0,0.909090909090909,0,0.909090909090909,0.000300381484485296,0,0.000323614122520307,0.00879162269299747,0,0.0148128350546061
"368",12202,2017,0,0,0,37,129,3341,3088,6,0.924274169,0.00179587,0,0,0,0,0,0,0,0,0
"369",12202,2018,0,0,0,37,129,3372,3167,7,0.939205219,0.002075919,0,0,0,0,0,0,0,0,0
"370",12203,2010,0,0,0,37,129,1660,1602,6,0.965060241,0.003614458,0,0,0,0,0,0,0,0,0
"371",12203,2011,0,0,0,37,129,1770,1652,13,0.933333333,0.007344633,0,0,0,0,0,0,0,0,0
"372",12203,2012,0,2,2,37,129,1916,1764,11,0.920668058,0.005741127,0.952380952380952,0,0.952380952380952,0.00104378685872345,0,0.00113372257808514,0.0305497532563623,0,0.0518940441043458
"373",12203,2013,0,0,0,37,129,2001,1868,14,0.933533233,0.006996502,0,0,0,0,0,0,0,0,0
"374",12203,2014,0,0,0,37,129,2388,2116,10,0.886097152,0.004187605,0,0,0,0,0,0,0,0,0
"375",12203,2015,2,0,2,37,129,2286,2238,10,0.979002625,0.004374453,0.952380952380952,0.952380952380952,0,0.000874852368662788,0.198019801980198,0,0.0256053463166597,1.74912380901272,0
"376",12203,2016,0,0,0,37,129,2335,2307,5,0.988008565,0.002141328,0,0,0,0,0,0,0,0,0
"377",12203,2017,0,0,0,37,129,2295,2284,0,0.995206972,0,0,0,0,0,0,0,0,0,0
"378",12203,2018,1,0,1,37,129,2271,2256,0,0.99339498,0,0.909090909090909,0.909090909090909,0,0.000440315265730263,10,0,0.0128872313448364,88.3307523551426,0
"379",12300,2010,0,2,2,37,129,6150,5631,395,0.915609756,0.064227642,0.952380952380952,0,0.952380952380952,0.000325197964260744,0,0.00035517039299604,0.00951795616567466,0,0.0162572646915303
"380",12300,2011,0,3,3,37,129,6817,6359,346,0.932815021,0.050755464,0.967741935483871,0,0.967741935483871,0.00044006982441214,0,0.000471764872387602,0.0128800477214319,0,0.0215941603067595
"381",12300,2012,1,0,1,37,129,6947,6540,288,0.94141356,0.041456744,0.909090909090909,0.909090909090909,0,0.000143944955449036,0.00347101700798334,0,0.00421300846500811,0.0306597543752664,0
"382",12300,2013,0,5,5,37,129,6991,6622,273,0.947217852,0.039050207,0.980392156862745,0,0.980392156862745,0.000715195033685686,0,0.000755047492487277,0.0209324649248744,0,0.034560895790035
"383",12300,2014,1,1,2,37,129,7359,6716,582,0.912623998,0.079086832,0.952380952380952,0.476190476190476,0.476190476190476,0.000271772363468359,0.00171791788352517,0.000148895936629889,0.00795428547166307,0.0151744979136132,0.00681543479135781
"384",12300,2015,0,3,3,37,129,7462,6924,450,0.927901367,0.060305548,0.967741935483871,0,0.967741935483871,0.000402031599683735,0,0.000433269305758149,0.0117667376907002,0,0.0198320972843712
"385",12300,2016,1,2,3,37,129,7846,7343,379,0.9358909,0.048304869,0.967741935483871,0.32258064516129,0.645161290322581,0.000382355565185251,0.00263782643102084,0.000272364532690553,0.0111908557527655,0.0233001193234351,0.0124669803222721
"386",12300,2017,0,2,2,37,129,8339,7595,610,0.910780669,0.073150258,0.952380952380952,0,0.952380952380952,0.000239834034847885,0,0.00026332767178839,0.00701950836595265,0,0.0120533348085577
"387",12300,2018,1,2,3,37,129,8823,7942,694,0.900147342,0.078658053,0.967741935483871,0.32258064516129,0.645161290322581,0.000340016547471977,0.00144071459443884,0.000251822565820123,0.00995166929103984,0.0127259404055817,0.0115267099639234
"388",980100,2010,0,0,0,37,129,0,0,0,0,0,0,0,0,0,0,0,0,0,0
"389",980100,2011,12,0,12,37,129,0,0,0,0,0,0.991735537190083,0.991735537190083,0,120,120,0,3512.18293287094,1059.96902826171,0
"390",980100,2012,0,2,2,37,129,0,0,0,0,0,0.952380952380952,0,0.952380952380952,20,0,20,585.363822145157,0,915.462832044764
"391",980100,2013,0,1,1,37,129,0,0,0,0,0,0.909090909090909,0,0.909090909090909,10,0,10,292.681911072579,0,457.731416022382
"392",980100,2014,0,1,1,37,129,0,0,0,0,0,0.909090909090909,0,0.909090909090909,10,0,10,292.681911072579,0,457.731416022382
"393",980100,2015,0,0,0,37,129,0,0,0,0,0,0,0,0,0,0,0,0,0,0
"394",980100,2016,0,0,0,37,129,0,0,0,0,0,0,0,0,0,0,0,0,0,0
"395",980100,2017,0,0,0,37,129,0,0,0,0,0,0,0,0,0,0,0,0,0,0
"396",980100,2018,0,3,3,37,129,0,0,0,0,0,0.967741935483871,0,0.967741935483871,30,0,30,878.045733217736,0,1373.19424806715
